wordlist,total_words,total_prefixes,threshold,build_time_s,total_lookup_s,mean_lookup_us,set_buckets,mphf_buckets
twl06.json,178590,3106,3,9.717,0.134,0.7478,577,2529
twl06.json,178590,3106,8,7.754,0.128,0.7184,1114,1992
twl06.json,178590,3106,21,6.905,0.19,1.0618,1659,1447
italian.json,95032,2413,3,6.599,0.074,0.7829,819,1594
italian.json,95032,2413,8,5.16,0.095,0.9999,1162,1251
italian.json,95032,2413,21,3.649,0.079,0.8269,1580,833
sowpods.json,267628,3564,3,14.404,0.176,0.6567,660,2904
sowpods.json,267628,3564,8,12.268,0.182,0.6818,1257,2307
sowpods.json,267628,3564,21,9.582,0.323,1.2064,1868,1696
ODS_french.json,411349,2886,3,9.853,0.306,0.7443,579,2307
ODS_french.json,411349,2886,8,9.651,0.282,0.6863,1065,1821
ODS_french.json,411349,2886,21,6.608,0.234,0.5678,1391,1495
wordlist_german.json,1908618,6984,3,23.315,1.464,0.7672,1863,5121
wordlist_german.json,1908618,6984,8,18.225,1.317,0.6899,2747,4237
wordlist_german.json,1908618,6984,21,15.971,1.078,0.5647,3704,3280
enable.json,172724,3052,3,7.17,0.121,0.6993,561,2491
enable.json,172724,3052,8,6.274,0.102,0.5925,1104,1948
enable.json,172724,3052,21,5.027,0.12,0.6968,1642,1410
